[
  {
    "file": "game:itemtypes/resource/nugget.json",
    "op": "addmerge",
    "path": "/attributesByType",
    "value": {
      "@*-(nativecopper|nativegold|nativesilver)": {
          "isPureMetal": true
      }
    },
    "side": "Server"
  },
  {
    "file": "game:itemtypes/resource/nugget.json",
    "op": "addmerge",
    "path": "/classByType",
    "value": {
      "@*-(nativecopper|nativegold|nativesilver)": "ItemWorkableNugget"
    },
    "side": "Server"
  },
  {
    "file": "game:itemtypes/resource/metalbit.json",
    "op": "addmerge",
    "path": "/attributes",
    "value": {
      "isPureMetal": true
    },
    "side": "Server"
  },
  {
    "file": "game:itemtypes/resource/metalbit.json",
    "op": "replace",
    "path": "/class",
    "value": "ItemWorkableNugget",
    "side": "Server"
  }
]