[
  {
    "file": "game:itemtypes/resource/nugget.json",
    "op": "addmerge",
    "path": "/attributesByType",
    "value": {
      "@*-(nativecopper|nativegold|nativesilver|nativeplatinum)": { "isPureMetal": true }
    },
    "side": "Server",
    "condition": { "when": "SmithingPlus_WorkableBits", "isValue": "true" }
  },
  {
    "file": "game:itemtypes/resource/nugget.json",
    "op": "addmerge",
    "path": "/classByType",
    "value": {
      "@*-(nativecopper|nativegold|nativesilver|nativeplatinum)": "ItemWorkableNugget"
    },
    "side": "Server",
    "condition": { "when": "SmithingPlus_WorkableBits", "isValue": "true" }
  },
  {
    "file": "game:itemtypes/resource/metalbit.json",
    "op": "addmerge",
    "path": "/attributes",
    "value": { "isPureMetal": true },
    "side": "Server",
    "condition": { "when": "SmithingPlus_WorkableBits", "isValue": "true" }
  },
  {
    "file": "game:itemtypes/resource/metalbit.json",
    "op": "replace",
    "path": "/class",
    "value": "ItemWorkableNugget",
    "side": "Server",
    "condition": { "when": "SmithingPlus_WorkableBits", "isValue": "true" }
  }
]
