{
  "version": 10,
  "file": "SmithingPlus.json",
  "patches": {},
  "settings": [
    {
      "code": "RecoverBitsOnSplit",
      "ingui": "smithingplus:setting-recoverbitsonsplit",
      "type": "boolean",
      "weight": 1.99,
      "comment": "Recover metal bits on split",
      "default": true
    },
    {
      "code": "HelveHammerBitsRecovery",
      "ingui": "smithingplus:setting-helvehammerbitsrecovery",
      "type": "boolean",
      "weight": 1.98,
      "comment": "Enable bits recovery from helve hammer",
      "default": true
    },
    {
      "code": "VoxelsPerBit",
      "ingui": "smithingplus:setting-voxelsperbit",
      "type": "float",
      "weight": 1.9,
      "comment": "How many voxels are in a metal bit (used for balance)",
      "default": 2.1,
      "range": { "min": 1, "max": 3 }
    },
    {
      "code": "SmithWithBits",
      "ingui": "smithingplus:setting-smithwithbits",
      "type": "boolean",
      "weight": 1.8,
      "comment": "Can you smith with metal bits?",
      "default": true
    },
    {
      "code": "BitsTopUp",
      "ingui": "smithingplus:setting-bitstopup",
      "type": "boolean",
      "weight": 1.7,
      "comment": "Can you top up a work item with bits?",
      "default": true
    },
    {
      "code": "EnableToolRecovery",
      "ingui": "smithingplus:setting-enabletoolrecovery",
      "type": "boolean",
      "weight": 1.49,
      "comment": "Tools drop tool heads that can be repaired",
      "default": true
    },
    {
      "code": "DurabilityPenaltyPerRepair",
      "ingui": "smithingplus:setting-durabilitypenaltyperrepair",
      "type": "float",
      "weight": 1.45,
      "comment": "Max durability penalty that accumulates per every tool repair",
      "default": 0.05,
      "range": { "min": 0, "max": 1 }
    },
    {
      "code": "ToolRepairForgettableAttributes",
      "ingui": "smithingplus:setting-toolrepairforgettableattributes",
      "type": "string",
      "weight": 1.4,
      "comment": "Attrribute keys of attributes that are forgotten when a tool is repaired, separated by commas",
      "default": "quality,maxRepair"
    },
    {
      "code": "RepairableToolDurabilityMultiplier",
      "ingui": "smithingplus:setting-repairabletooldurabilitymultiplier",
      "type": "float",
      "weight": 1.35,
      "comment": "Adjust the durability of repairable tools for balance",
      "default": 1,
      "range": { "min": 0, "max": 1 }
    },
    {
      "code": "BrokenToolVoxelPercent",
      "ingui": "smithingplus:setting-brokentoolvoxelpercent",
      "type": "float",
      "weight": 1.3,
      "comment": "Percentage of material not lost when a tool breaks",
      "default": 0.8,
      "range": { "min": 0, "max": 1 }
    },
    {
      "code": "RepairableToolSelector",
      "ingui": "smithingplus:setting-repairabletoolselector",
      "type": "string",
      "weight": 1.25,
      "comment": "Regex selector for tools that can be repaired",
      "default": "@.*(pickaxe|shovel|saw|axe|hoe|knife|hammer|chisel|shears|sword|spear|bow|shield|sickle|scythe|tongs|wrench|solderingiron|cleaver|prospectingpick|crossbow|pistol|rifle|shotgun).*"
    },
    {
      "code": "ToolHeadSelector",
      "ingui": "smithingplus:setting-toolheadselector",
      "type": "string",
      "weight": 1.2,
      "comment": "Regex selector for tool heads or blades that can be repaired",
      "default": "@(.*)(head|blade|boss|barrel|stirrup)(.*)"
    },
    {
      "code": "IngotSelector",
      "ingui": "smithingplus:setting-ingotselector",
      "type": "string",
      "weight": 1.15,
      "comment": "Regex selector for ingots that can be used in smithing, used to determine repair materials. Is needed only for metal mods with custom naming patterns. If this does not match, the mod will not affect the tool.",
      "default": "@(.*):ingot-(.*)"
    },
    {
      "code": "WorkItemSelector",
      "ingui": "smithingplus:setting-workitemselector",
      "type": "string",
      "weight": 1.1,
      "comment": "Regex selector for work items that can be used in smithing, used to determine repair materials. Is needed only for metal mods with custom naming patterns. If this does not match, the mod will not affect the tool.",
      "default": "@(.*):workitem-(.*)"
    },
    {
      "code": "DontRepairBrokenToolHeads",
      "ingui": "smithingplus:setting-dontrepairbrokentoolheads",
      "type": "boolean",
      "weight": 1.05,
      "comment": "Make broken tool heads not repairable on an anvil",
      "default": false
    },
    {
      "code": "CanRepairForlornHopeEstoc",
      "ingui": "smithingplus:setting-canrepairforlornhopeestoc",
      "type": "boolean",
      "weight": 1.04,
      "comment": "Allow the repair of the Forlorn Hope estoc",
      "default": true
    },
    {
      "code": "ShowRepairedCount",
      "ingui": "smithingplus:setting-showrepairedcount",
      "type": "boolean",
      "weight": 1.03,
      "comment": "Show the number of times a tool has been repaired in the tooltip",
      "default": true
    },
    {
      "code": "ShowBrokenCount",
      "ingui": "smithingplus:setting-showbrokencount",
      "type": "boolean",
      "weight": 1.02,
      "comment": "Show the number of times a tool head has broken in the tooltip",
      "default": true
    },
    {
      "code": "ShowRepairSmithName",
      "ingui": "smithingplus:setting-showrepairsmithname",
      "type": "boolean",
      "weight": 1.01,
      "comment": "Show the smith name in the repaired item tooltip",
      "default": false
    },
    {
      "code": "HelveHammerSmithingQualityModifier",
      "ingui": "smithingplus:setting-helvehammersmithingqualitymodifier",
      "type": "float",
      "weight": 1.005,
      "comment": "Smithing quality modifier for helve hammers",
      "default": 1,
      "range": { "min": 0.1, "max": 2 }
    },
    {
      "code": "ArrowsDropBits",
      "ingui": "smithingplus:setting-arrowsdropbits",
      "type": "boolean",
      "weight": 0.99,
      "comment": "Broken arrows drop one metal bit",
      "default": true
    },
    {
      "code": "ArrowSelector",
      "ingui": "smithingplus:setting-arrowselector",
      "type": "string",
      "weight": 0.9,
      "comment": "Regex selector for arrows that drop metal bits",
      "default": "@(.*)arrow-(.*)"
    },
    {
      "code": "MetalCastingTweaks",
      "ingui": "smithingplus:setting-metalcastingtweaks",
      "type": "boolean",
      "weight": 0.79,
      "comment": "Enable tweaks to metal casting",
      "default": true
    },
    {
      "code": "CastToolDurabilityPenalty",
      "ingui": "smithingplus:setting-casttooldurabilitypenalty",
      "type": "float",
      "weight": 0.78,
      "comment": "Durability penalty for cast tools",
      "default": 0.1,
      "range": { "min": 0, "max": 1 }
    },
    {
      "code": "HammerTweaks",
      "ingui": "smithingplus:setting-hammertweaks",
      "type": "boolean",
      "weight": 0.51,
      "comment": "Enable extra hammer tool modes",
      "default": true
    },
    {
      "code": "RotationRequiresTongs",
      "ingui": "smithingplus:setting-rotationrequirestongs",
      "type": "boolean",
      "weight": 0.505,
      "comment": "Tongs are needed to enable the flip tool mode and right click rotation with hammers",
      "default": false
    },
    {
      "code": "AnvilShowRecipeVoxels",
      "ingui": "smithingplus:setting-anvilshowrecipevoxels",
      "type": "boolean",
      "weight": 0.49,
      "comment": "Show the recipe voxel count in the anvil block info",
      "default": true
    },
    {
      "code": "RememberHammerToolMode",
      "ingui": "smithingplus:setting-rememberhammertooldmode",
      "type": "boolean",
      "weight": 0.45,
      "comment": "Remember the last tool mode used with any hammer",
      "default": true
    },
    {
      "code": "ShowWorkableTemperature",
      "ingui": "smithingplus:setting-showworkabletemperature",
      "type": "boolean",
      "weight": 0.4,
      "comment": "Show the workable temperature in the tooltip of workable items",
      "default": true
    },
    {
      "code": "HandbookExtraInfo",
      "ingui": "smithingplus:setting-handbookextrainfo",
      "type": "boolean",
      "weight": 0.35,
      "comment": "Extra info in the handbook regarding smithing and tool casting",
      "default": true
    }
  ],
  "formatting": [
    { "type": "separator", "title": "Smithing with bits", "weight": 2 },
    { "type": "separator", "title": "Tool recovery", "weight": 1.5 },
    { "type": "separator", "title": "Recyclable arrows", "weight": 1 },
    { "type": "separator", "title": "Metal casting tweaks", "weight": 0.8 },
    { "type": "separator", "title": "Client tweaks", "weight": 0.5 }
  ]
}
