{
  "enabled": false,
  "code": "hammer",
  "class": "smithingplus:ItemStoneHammer",
  "storageFlags": 257,
  "attributes": {
    "hitHardnessByType": {
      "*-andesite": 0.8,
      "*-peridotite": 1,
      "*": 1.3
    },
    "heldItemPitchFollow": 0.9,
    "handbook": {
      "groupBy": ["hammer-*"]
    },
    "toolrackTransform": {
      "rotation": { "y": 1, "z": -1 },
      "translation": { "x": -0.2, "y": 0.02 },
      "scale": 1.5
    },
    "groundStorageTransform": {
      "translation": { "x": 0, "y": -0.16, "z": 0.33 },
      "rotation": { "x": 26, "y": 88, "z": -87 },
      "scale": 1.01
    }
  },
  "behaviors": [{
    "name": "GroundStorable",
    "properties": {
      "layout": "WallHalves",
      "wallOffY": 1,
      "sprintKey": true,
      "selectionBox": { "x1": 0, "y1": 0, "z1": 0, "x2": 1, "y2": 0.1, "z2": 1 },
      "collisionBox": { "x1": 0, "y1": 0, "z1": 0, "x2": 0, "y2": 0, "z2": 0 }
    }
  },{ "name": "AnimationAuthoritative" }],
  "variantgroups": [
    { "code": "material", "states": ["chert", "granite", "andesite", "basalt", "peridotite", "flint"] }
  ],
  "tool": "hammer",
  "damagedby": ["blockbreaking", "attacking"],
  "heldTpHitAnimation": "smithingwide",
  "shape": { "base": "smithingplus:item/tool/stonehammer" },
  "texturesByType": {
    "*-flint": {
      "metal": { "base": "game:block/stone/{material}" },
      "wood": { "base": "game:item/tool/material/wood" }
    },
    "*": {
      "metal": { "base": "game:block/stone/rock/{material}1" },
      "wood": { "base": "game:item/tool/material/wood" }
    }
  },
  "tooltier": 1,
  "durabilitybytype": {
    "@.*-(chert|flint)": 40,
    "*": 60
  },
  "attackpowerbytype": {
    "*": 1
  },
  "creativeinventory": { "general": ["*"], "items": ["*"], "tools": ["*"] },
  "fpHandTransform": {
    "translation": { "x": 0.0468, "y": -0.2, "z": 0 },
    "rotation": { "x": -33, "y": 7, "z": 90 },
    "scale": 2.75
  },
  "guiTransform": {
    "translation": { "x": 0, "y": 0, "z": 0 },
    "rotation": { "x": -77, "y": 46, "z": 8 },
    "origin": { "x": 0.59, "y": 0.5, "z": 0.49 },
    "scale": 2.6
  },
  "groundTransform": {
    "translation": { "x": 0, "y": 0, "z": 0 },
    "rotation": { "x": 0, "y": 0, "z": 0 },
    "origin": { "x": 0.5, "y": 0.45, "z": 0.5 },
    "scale": 4.5
  },
  "tpHandTransform": {
    "translation": { "x": -0.65, "y": -0.48, "z": -0.52 },
    "rotation": { "x": 90, "y": 1, "z": 0 },
    "scale": 1
  },
  "tpOffHandTransform": {
    "translation": { "x": -0.51, "y": -0.54, "z": -0.55 },
    "rotation": { "x": 90, "y": 1, "z": 0 },
    "scale": 1
  }
}